C01,12345678,C01,1234,64
C01,12345678,C01,1234,64
C01,12345678,C01,1234,64
C01,12345678,C01,1234,64
C01,12345678,C01,1234,64
C01,12345678,C01,1234,64
C01,12345678,C01,1234,64
C01,12345678,C01,1234,64
C01,12345678,C01,1234,64
C01,12345678,C01,1234,64
C01,12345678,C01,1234,64
C01,12345678,C01,1234,64
C01,12345678,C01,1234,64
C01,12345678,C01,1234,64
C01,12345678,C01,1234,64
C01,12345678,C01,1234,64
C01,12345678,C01,1234,64
C01,12345678,C01,1234,64
C01,12345678,C01,1234,64
C01,12345678,C01,1234,64
C01,12345678,C01,1234,64
C01,12345678,C01,1234,64
C01,12345678,C01,1234,64
C01,12345678,C01,1234,64
C01,12345678,C01,1234,64
C01,12345678,C01,1234,64
C01,12345678,C01,1234,64
C01,12345678,C01,1234,64
C01,12345678,C01,1234,64
C01,12345678,C01,1234,64
C01,12345678,C01,1234,64
C01,12345678,C01,1234,64
C01,12345678,C01,1234,64
C01,12345678,C01,1234,64
C01,12345678,C01,1234,64
